track_name,artist,energy,danceability,valence,tempo
White Christmas,"Bing Crosby, John Scott Trotter & His Orchestra, Ken Darby Singers",0.25,0.23451403616547864,0.19,121
It's the Most Wonderful Time of the Year,Andy Williams,0.6,0.2402636288673127,0.76,84
Lift Me Up - From Black Panther: Wakanda Forever - Music From and Inspired By,Rihanna,0.3,0.2561353918335281,0.17,141
Dawn FM,The Weeknd,0.49,0.27236191980938307,0.1,130
Starry Eyes,The Weeknd,0.41,0.2825256782032749,0.13,90
"I'm Tired - From ""Euphoria"" An Original HBO Series",Labrinth,0.2,0.2807862735231737,0.26,152
traitor,"Juan Cruz Toledo, Huilen Toledo",0.33,0.29465104501131806,0.12,156
Happier Than Ever,Billie Eilish,0.24,0.317963690048119,0.31,144
Notion,The Rare Occasions,0.88,0.3189733479185013,0.3,144
Down Under (feat. Colin Hay),"Luude, Colin Hay",0.86,0.3197606953765232,0.04,157
Still Don't Know My Name,Labrinth,0.63,0.311657674773473,0.31,93
I Was Never There,"The Weeknd, Gesaffelstein",0.74,0.32839567226359173,0.17,72
Iris,The Goo Goo Dolls,0.72,0.3200841263326633,0.49,91
Demons,Imagine Dragons,0.71,0.330930830269897,0.38,122
Happy Xmas (War Is Over),"John Lennon, The Harlem Community Choir, The Plastic Ono Band, Yoko Ono",0.61,0.33283814219482116,0.39,71
On Time (with John Legend),"John Legend, Metro Boomin",0.59,0.3374099820622984,0.51,157
Until I Found You (with Em Beihold) - Em Beihold Version,"Em Beihold, Stephen Sanchez",0.57,0.340875716244665,0.32,99
Car's Outside,James Arthur,0.56,0.34967857937158464,0.24,107
Until I Found You,Stephen Sanchez,0.51,0.3465363048257648,0.25,71
All I Want for Christmas Is You,Mariah Carey,0.63,0.3488973737846715,0.33,133
Christmas (Baby Please Come Home),Darlene Love,0.76,0.343352351918967,0.35,129
Static,Steve Lacy,0.31,0.34786669016702043,0.22,90
Sweet Nothing,Taylor Swift,0.16,0.34751408479667245,0.39,102
lovely - Bonus Track,"Billie Eilish, Khalid",0.3,0.3555940791471426,0.12,145
It's Beginning To Look A Lot Like Christmas,Michael Bublï¿,0.23,0.3582522405564017,0.38,127
Freaks,Surf Curse,0.94,0.3555268270601937,0.41,91
Mr. Brightside,The Killers,0.93,0.35319690373573237,0.24,158
Boyfriend,Dove Cameron,0.61,0.3537340189285251,0.23,118
The Hills,The Weeknd,0.57,0.369568422627668,0.12,128
Nobody Gets Me,SZA,0.28,0.3666772083136722,0.28,111
The Christmas Song (Merry Christmas To You) - Remastered 1999,Nat King Cole,0.15,0.3667567470001437,0.22,129
In The Stars,Benson Boone,0.54,0.36942476580998024,0.3,149
Apocalypse,Cigarettes After Sex,0.47,0.3759691214756083,0.17,84
All For Us - from the HBO Original Series Euphoria,"Labrinth, Zendaya",0.67,0.3761054862073933,0.17,131
Crown,Kendrick Lamar,0.24,0.37599416595052026,0.14,131
Good Looking,Suki Waterhouse,0.56,0.37785693965736583,0.27,116
Bound 2,Kanye West,0.66,0.37144010277289313,0.28,131
Sparks,Coldplay,0.27,0.3706186190100473,0.17,120
Thousand Miles,The Kid Laroi,0.66,0.38092526871834986,0.2,124
Dream On,Aerosmith,0.43,0.3953328108535517,0.24,133
happier,Olivia Rodrigo,0.45,0.3926369794779427,0.36,72
When I R.I.P.,Labrinth,0.55,0.3922728378841245,0.45,120
O.O,NMIXX,0.77,0.39919289678184106,0.28,76
Say You Won't Let Go,James Arthur,0.56,0.40951764611888963,0.45,90
Atlantis,Seafret,0.48,0.40231035310201824,0.23,142
How Do I Say Goodbye,Dean Lewis,0.64,0.40310116144999397,0.39,108
It'll Be Okay,Shawn Mendes,0.29,0.40412503514346027,0.07,87
favorite crime,Olivia Rodrigo,0.29,0.4089236322681588,0.19,73
TV,Billie Eilish,0.25,0.41306816191420376,0.09,158
MIDDLE OF THE NIGHT,Elley Duhï¿,0.61,0.417556181725681,0.09,129
"Here We Goï¿½ï¿½ï¿½ Again (feat. Tyler, the Cr","The Weeknd, Tyler, The Creator",0.64,0.41495468158393223,0.27,83
The Rumbling (TV Size),SiM,0.88,0.4183179624247754,0.65,78
Bohemian Rhapsody - Remastered 2011,Queen,0.4,0.4174858329573378,0.23,159
Radio,Lana Del Rey,0.86,0.42617583571386725,0.2,122
Dos Oruguitas,Sebastian Yatra,0.36,0.4295265606270289,0.47,71
All of Me,John Legend,0.26,0.4278826683241766,0.33,153
this is what falling in love feels like,JVKE,0.44,0.4282384452123202,0.33,129
Boyfriends,Harry Styles,0.2,0.4254739045874411,0.32,140
Bigger Than The Whole Sky,Taylor Swift,0.24,0.4273028314843301,0.07,113
Yellow,Chris Molitor,0.66,0.43914614945125485,0.28,77
Lover,Taylor Swift,0.55,0.43189637324119906,0.5,116
Lilith (feat. SUGA of BTS) (Diablo IV Anthem),"Halsey, Suga",0.74,0.43352411625942167,0.14,104
Gone Girl,SZA,0.44,0.4395794523130616,0.42,147
Auntie Diaries,Kendrick Lamar,0.38,0.43407629229375183,0.6,150
"What Was I Made For? [From The Motion Picture ""Barbie""]",Billie Eilish,0.09,0.44281147352262734,0.14,105
Glimpse of Us,Joji,0.32,0.44389017292990124,0.27,119
Never Felt So Alone,Labrinth,0.41,0.4454213699212291,0.36,73
Escapism. - Sped Up,"RAYE, 070 Shake",0.77,0.4447791497728867,0.38,71
Every Angel is Terrifying,The Weeknd,0.94,0.4492613187322314,0.52,75
deja vu,Olivia Rodrigo,0.6,0.445920869097127,0.22,123
Lucid Dreams,Juice WRLD,0.48,0.4446825490615953,0.22,73
Christmas Tree,V,0.38,0.44647842541177335,0.18,123
Something In The Way - Remastered 2021,Nirvana,0.2,0.44324920894968306,0.08,132
Rich - Interlude,Kendrick Lamar,0.42,0.4470477694609128,0.74,87
Layla,"Schï¿½ï¿½rze, DJ R",0.92,0.44196369442541766,0.41,159
die first,Nessa Barrett,0.67,0.4422978472720305,0.44,113
Another Love,Tom Odell,0.54,0.4530364947851288,0.13,103
Somewhere Only We Know,Keane,0.59,0.45022566213505305,0.33,143
Enchanted,Taylor Swift,0.62,0.45724370614908877,0.24,131
The Night We Met,Lord Huron,0.37,0.4596396136227788,0.1,83
Call Out My Name,The Weeknd,0.6,0.45930154567760006,0.17,117
Let It Snow! Let It Snow! Let It Snow!,Dean Martin,0.24,0.4598789894772356,0.72,84
Too Late,SZA,0.68,0.4518368602761917,0.35,141
Before You Go,Lewis Capaldi,0.6,0.4586529371254766,0.19,147
Happier Than Ever - Edit,Billie Eilish,0.57,0.4599822885108479,0.12,156
Arcade,Duncan Laurence,0.33,0.45473220306825796,0.27,131
Fuera del mercado,Danny Ocean,0.67,0.45627443293727965,0.27,109
Golden,Harry Styles,0.84,0.45866165442953954,0.25,154
Sweet Child O' Mine,Guns N' Roses,0.9,0.4539924025862514,0.67,149
WAIT FOR U (feat. Drake & Tems),"Drake, Future, Tems",0.64,0.4658068361897674,0.34,151
Blind,SZA,0.28,0.46921667920428844,0.6,122
Good Days,SZA,0.78,0.4689760727575622,0.53,93
Santa Tell Me,Ariana Grande,0.63,0.4632803318210176,0.53,95
A Tale By Quincy,The Weeknd,0.5,0.46801035336631536,0.55,158
Phantom Regret by Jim,The Weeknd,0.48,0.4664039594704593,0.23,129
Vai Lï¿½ï¿½ Em Casa ,"Marï¿½ï¿½lia Mendonï¿½ï¿½a, George Henrique &",0.83,0.46218302749152657,0.62,110
Mount Everest,Labrinth,0.43,0.46569067322516117,0.43,98
Danza Kuduro,"Don Omar, Lucenzo",0.92,0.4711941150334064,0.86,84
Unstoppable,Sia,0.78,0.4790547128300349,0.27,114
Heather,Conan Gray,0.43,0.4775192802775511,0.25,134
Die For You,Joji,0.52,0.4771876886366393,0.15,158
Smoking on my Ex Pack,SZA,0.68,0.4720458647812499,0.33,140
City of Gods,"Kanye West, Alicia Keys, Fivio Foreign",0.8,0.47970434026491404,0.5,78
Alien Blues,Vundabar,0.76,0.47190386727713346,0.44,157
SPACE MAN,Sam Ryder,0.83,0.47223283662598253,0.33,70
This Love (Taylorï¿½ï¿½ï¿½s Ve,Taylor Swift,0.5,0.4798770503515118,0.07,77
Mary On A Cross,Ghost,0.9,0.47195638915843224,0.56,157
I Wanna Be Yours,Arctic Monkeys,0.42,0.4863723499648983,0.44,132
Riptide,Vance Joy,0.73,0.4847758358557692,0.5,80
Shut up My Moms Calling,Hotel Ugly,0.41,0.48300987432479503,0.37,150
SORRY NOT SORRY,"Tyler, The Creator",0.8,0.48508522314412966,0.5,77
Labyrinth,Taylor Swift,0.31,0.4812660930397194,0.15,104
"Would've, Could've, Should've",Taylor Swift,0.84,0.48714708295893977,0.55,104
Viva La Vida,Coldplay,0.62,0.4924795689713645,0.42,102
Say Yes To Heaven,Lana Del Rey,0.35,0.49106700301215417,0.17,74
Que Vuelvas,"Carin Leon, Grupo Frontera",0.64,0.4919856432391157,0.78,110
Just Wanna Rock,Lil Uzi Vert,0.55,0.49201566900969873,0.04,97
ýýý98 Braves,Morgan Wallen,0.67,0.4915879507295153,0.48,76
Niagara Falls (Foot or 2) [with Travis Scott & 21 Savage],"Travis Scott, 21 Savage, Metro Boomin",0.66,0.49753963718537614,0.24,142
Wild Flower (with youjeen),RM,0.77,0.49058457332138805,0.42,141
Best Friends,The Weeknd,0.59,0.49283224742028,0.49,81
Mother I Sober (feat. Beth Gibbons of Portishead),"Kendrick Lamar, Beth Gibbons",0.37,0.49778282146432085,0.5,103
Tak Ingin Usai,Keisya Levronka,0.4,0.49949896836355906,0.14,102
I Really Want to Stay at Your House,"Rosa Walton, Hallie Coggins",0.74,0.49889839984573164,0.13,117
Blinding Lights,The Weeknd,0.8,0.5001069008406475,0.38,92
Back To December (Taylor's Version),Taylor Swift,0.64,0.5077491675234519,0.2,131
Someone You Loved,Lewis Capaldi,0.41,0.5095842380952696,0.45,157
Chemical,Post Malone,0.9,0.5026988656999563,0.37,106
Un Finde | CROSSOVER #2,"Big One, FMK, Ke personajes",0.52,0.5000952335297147,0.85,113
Better Than Revenge (Taylor's Version),Taylor Swift,0.89,0.5051181872713361,0.67,155
Curtains,Ed Sheeran,0.76,0.5080020621188703,0.44,104
Numb,Linkin Park,0.86,0.5011593917700323,0.24,134
Man Made A Bar (feat. Eric Church),"Morgan Wallen, Eric Church",0.76,0.5081002598128033,0.49,116
Feliz Navidad,Josï¿½ï¿½ Felic,0.82,0.504527424037743,0.96,147
Cooped Up (with Roddy Ricch),"Post Malone, Roddy Ricch",0.78,0.5050474497668591,0.39,72
Un Verano Sin Ti,Bad Bunny,0.5,0.5033244333699801,0.41,70
vampire,Olivia Rodrigo,0.53,0.5110957848730527,0.32,74
Daylight,David Kushner,0.43,0.5147274779644859,0.32,159
Enchanted (Taylor's Version),Taylor Swift,0.53,0.5131951512636812,0.22,83
golden hour,JVKE,0.59,0.5188467354996537,0.14,96
Tak Segampang Itu,Anggi Marito,0.44,0.5162383599519231,0.18,78
august,Taylor Swift,0.61,0.5167971074193575,0.42,148
ceilings,Lizzy McAlpine,0.33,0.5141287612385209,0.27,84
Space Song,Beach House,0.79,0.5151145018433791,0.62,159
Underneath the Tree,Kelly Clarkson,0.81,0.5168307555405571,0.69,111
SOS,SZA,0.66,0.5136572123888901,0.51,146
Driving Home for Christmas - 2019 Remaster,Chris Rea,0.58,0.5122225355651822,0.87,120
Jingle Bells - Remastered 1999,Frank Sinatra,0.34,0.5102226480338007,0.94,132
Stay Alive (Prod. SUGA of BTS),Jung Kook,0.76,0.516303670751307,0.5,121
Hrs and Hrs,Muni Long,0.53,0.517263379618407,0.66,73
House Of Memories,Panic! At The Disco,0.82,0.5195955094524565,0.48,92
Matilda,Harry Styles,0.29,0.5154131898177728,0.39,84
Hold My Hand,Lady Gaga,0.63,0.5129012212536712,0.21,112
Massive,Drake,0.68,0.5191080278016483,0.05,98
As It Was,Harry Styles,0.73,0.5295347209790325,0.66,105
Last Night,Morgan Wallen,0.68,0.5285183954113394,0.52,82
505,Arctic Monkeys,0.85,0.5212895784984621,0.2,101
MIENTRAS ME CURO DEL CORA,Karol G,0.48,0.5206618180852856,0.57,140
Talking To The Moon,Bruno Mars,0.61,0.5291257771741346,0.07,128
Smells Like Teen Spirit - Remastered 2021,Nirvana,0.91,0.520712220620725,0.73,155
Bar,"Tini, L-Gante",0.69,0.5286456239031251,0.68,97
Brividi,"Mahmood, Blanco",0.6,0.5286511264078423,0.44,135
United In Grief,Kendrick Lamar,0.83,0.5284101662578111,0.32,111
SLOW DANCING IN THE DARK,Joji,0.48,0.5243640200853916,0.28,114
THE LONELIEST,Mï¿½ï¿½ne,0.6,0.5224583939497722,0.24,131
Die For You - Remix,"Ariana Grande, The Weeknd",0.53,0.5390483040650814,0.5,126
Still With You,Jung Kook,0.47,0.5336484452182116,0.34,75
Creep,Radiohead,0.34,0.5376431641509738,0.12,97
"Angel Pt 1 (feat. Jimin of BTS, JVKE & Muni Long)","Kodak Black, NLE Choppa, Muni Long, JVKE, Jimin",0.67,0.5380679705626858,0.24,97
Thought You Should Know,Morgan Wallen,0.7,0.5371011456319847,0.51,113
Sem Alianï¿½ï¿½a no ,"MC Xenon, Os Gemeos da Putaria",0.36,0.5382304533582789,0.4,153
Born With A Beer In My Hand,Morgan Wallen,0.81,0.5305954056053563,0.61,99
Devil Donï¿½ï¿½ï¿½,Morgan Wallen,0.66,0.5365127058511052,0.32,131
Sleigh Ride,The Ronettes,0.77,0.5313884848463668,0.84,144
F2F,SZA,0.74,0.5325250265263746,0.47,158
Less Than Zero,The Weeknd,0.79,0.5356744681363534,0.5,131
Oh My God,Adele,0.73,0.5369599468190759,0.55,70
Love Grows (Where My Rosemary Goes),Edison Lighthouse,0.69,0.5309092094653859,0.75,96
The Nights,Avicii,0.85,0.5382748719439358,0.66,131
The Joker And The Queen (feat. Taylor Swift),"Ed Sheeran, Taylor Swift",0.31,0.5308904899452802,0.31,146
Wake Me Up - Radio Edit,Avicii,0.78,0.5380202370016142,0.66,72
With you,"HA SUNG WOON, Jimin",0.43,0.5333803254525007,0.14,139
Primera Cita,Carin Leon,0.4,0.546183147690962,0.5,141
Jimmy Cooks (feat. 21 Savage),"Drake, 21 Savage",0.67,0.5468047749275962,0.4,96
Pink + White,Frank Ocean,0.55,0.5415064500845588,0.54,78
Bebe Dame,"Fuerza Regida, Grupo Frontera",0.6,0.5477680178224349,0.75,131
Escapism.,"RAYE, 070 Shake",0.74,0.5481668971935949,0.25,106
Don't ever say love me (feat. RM of BTS),"RM, Colde",0.48,0.5470986370606014,0.19,120
I Hate U,SZA,0.39,0.5481197627958906,0.41,113
10 Things I Hate About You,Leah Kate,0.79,0.5426358445623136,0.45,93
Master of Puppets (Remastered),Metallica,0.83,0.5459384445670359,0.59,148
The Astronaut,Jin,0.76,0.5444553445451317,0.22,128
Cruel Summer,Taylor Swift,0.72,0.5529302782291979,0.58,101
Tattoo,Loreen,0.78,0.5521172189633746,0.3,157
Watermelon Sugar,Harry Styles,0.82,0.5575290765752329,0.56,121
Do I Wanna Know?,Arctic Monkeys,0.53,0.5509984237147435,0.42,131
In The End,Linkin Park,0.9,0.5561392916830378,0.4,127
'Till I Collapse,"Eminem, Nate Dogg",0.85,0.5501331140466202,0.1,121
Chale,Eden Muï¿½ï,0.44,0.5529960277457127,0.86,81
Father Time (feat. Sampha),"Kendrick Lamar, Sampha",0.78,0.5520043092312119,0.5,108
ALIEN SUPERSTAR,Beyoncï¿,0.64,0.5537410910429847,0.46,71
TULUM,"Peso Pluma, Grupo Frontera",0.87,0.5604634147455428,0.63,72
El Azul,"Junior H, Peso Pluma",0.65,0.5653684040659374,0.84,125
I'm Good (Blue),"Bebe Rexha, David Guetta",0.97,0.5689000461769563,0.38,150
See You Again,"Tyler, The Creator, Kali Uchis",0.56,0.562103418688846,0.58,128
Overdrive,Post Malone,0.73,0.5622720864654263,0.48,71
Snooze,SZA,0.55,0.5651550910786614,0.39,71
Summertime Sadness,Lana Del Rey,0.66,0.5615059116214528,0.24,123
Romantic Homicide,d4vd,0.55,0.5642342055003449,0.2,156
SNAP,Rosa Linn,0.64,0.5623871945137243,0.53,70
"Phir Aur Kya Chahiye (From ""Zara Hatke Zara Bachke"")","Arijit Singh, Sachin-Jigar, Amitabha Bhattacharya",0.55,0.561834912553941,0.53,88
Rich Flex,"Drake, 21 Savage",0.52,0.5676830382448056,0.42,71
Lovers Rock,TV Girl,0.87,0.5655172623687043,0.57,122
Everything I Love,Morgan Wallen,0.85,0.5613811905827353,0.72,113
Sial,Mahalini,0.43,0.5629441377850095,0.2,159
LLYLM,ROSALï¿½,0.63,0.5655788317765448,0.56,101
good 4 u,Olivia Rodrigo,0.66,0.5660641764729971,0.68,139
Moth To A Flame (with The Weeknd),"The Weeknd, Swedish House Mafia",0.67,0.5674156934142656,0.16,101
Lï¿½ï¿½ï¿,Stromae,0.55,0.5690622851837311,0.58,137
Se Le Ve,"Arcangel, De La Ghetto, Justin Quiles, Lenny Tavï¿½ï¿½rez, Sech, Dalex, Dimelo Flow, Rich Music",0.76,0.5683585999343331,0.61,124
Forever,Labrinth,0.46,0.5694685167665304,0.19,144
Angel Baby,Troye Sivan,0.57,0.5693168825007117,0.41,125
Despuï¿½ï¿½s de la P,Bad Bunny,0.9,0.5680356355914273,0.61,86
Worldwide Steppers,Kendrick Lamar,0.47,0.56135863833386,0.56,107
Yet To Come,BTS,0.89,0.56724558644459,0.68,93
Little Freak,Harry Styles,0.54,0.5666121861215212,0.4,138
Love Of My Life,Harry Styles,0.54,0.5698013623151668,0.2,139
Me and Your Mama,Childish Gambino,0.45,0.5604984463002716,0.25,155
"Come Back Home - From ""Purple Hearts""",Sofia Carson,0.53,0.5622733491597214,0.43,85
The Scientist,Coldplay,0.44,0.5669930272433118,0.21,142
un x100to,"Bad Bunny, Grupo Frontera",0.72,0.5780445747490949,0.56,128
ýýýýýýýýýýýý,YOASOBI,0.94,0.579639742838796,0.84,139
Take Me To Church,Hozier,0.66,0.5767417183253575,0.41,149
Take On Me,a-ha,0.9,0.5713471709049291,0.86,72
Di Que Si,"Grupo Marca Registrada, Grupo Frontera",0.59,0.5710335593219245,0.8,89
Heaven,Niall Horan,0.76,0.5792653211201004,0.68,128
"Sex, Drugs, Etc.",Beach Weather,0.84,0.5703191482861666,0.47,105
Softcore,The Neighbourhood,0.58,0.5744396673864621,0.36,88
Shallow,"Lady Gaga, Bradley Cooper",0.4,0.5792513316401802,0.3,159
Formula,Labrinth,0.66,0.5706146292208705,0.23,136
Falling,Harry Styles,0.27,0.5777061715940753,0.06,88
Purple Hearts,"Kendrick Lamar, Ghostface Killah, Summer Walker",0.82,0.5770065268045302,0.71,89
Only Love Can Hurt Like This,Paloma Faith,0.89,0.5788427535676273,0.3,140
we fell in love in october,girl in red,0.37,0.579844413960702,0.24,121
Celestial,Ed Sheeran,0.85,0.5773145263165237,0.5,102
The Great War,Taylor Swift,0.74,0.5780844024970087,0.55,109
Here With Me,d4vd,0.48,0.587352872007752,0.27,108
I Love You So,The Walters,0.67,0.5897168461510184,0.46,151
Kahani Suno 2.0,Kaifi Khalil,0.38,0.5821328852599421,0.26,70
My Universe,"Coldplay, BTS",0.68,0.5897355431396573,0.42,80
After Dark,Mr.Kitty,0.6,0.5850677675749556,0.04,126
WORTH NOTHING,"Twisted, Oliver Tree",0.62,0.5817554125953313,0.17,158
KICK BACK,Kenshi Yonezu,0.94,0.5805953950300652,0.29,119
"Kesariya (From ""Brahmastra"")","Pritam, Arijit Singh, Amitabh Bhattacharya",0.57,0.5855609411487737,0.44,92
We Don't Talk About Bruno,"Adassa, Mauro Castillo, Stephanie Beatriz, Encanto - Cast, Rhenzy Feliz, Diane Guerrero, Carolina Gaitan",0.45,0.5847273009071844,0.83,100
Love Nwantiti - Remix,"Ckay, AX'EL, Dj Yo!",0.6,0.5840007322331855,0.44,111
Plan A,Paulo Londra,0.83,0.5861379384254761,0.56,76
MANIAC,Stray Kids,0.8,0.5843160634747754,0.71,85
San Lucas,Kevin Kaarl,0.36,0.5848571822464195,0.27,159
Satellite,Harry Styles,0.46,0.589838023461424,0.3,129
Afraid To Feel,LF System,0.91,0.5837696143048178,0.68,71
Die For You,The Weeknd,0.52,0.5959280871903863,0.51,70
People,Libianca,0.42,0.596384313469717,0.71,117
STAY (with Justin Bieber),"Justin Bieber, The Kid Laroi",0.76,0.5987566002803559,0.48,81
Stargirl Interlude,"The Weeknd, Lana Del Rey",0.48,0.5961204962566393,0.52,138
Hummingbird (Metro Boomin & James Blake),"James Blake, Metro Boomin",0.6,0.592762362641637,0.26,106
Erro Gostoso - Ao Vivo,Simone Mendes,0.89,0.5943596610435626,0.63,101
No Se Va,Grupo Frontera,0.53,0.5980806689912902,0.69,78
METAMORPHOSIS,INTERWORLD,0.64,0.5920980036029843,0.15,88
Set Me Free Pt.2,Jimin,0.82,0.5984565150205734,0.56,117
Something in the Orange,Zach Bryan,0.38,0.5979790613714883,0.22,149
Miss You,"Robin Schulz, Oliver Tree",0.74,0.5951574390323927,0.2,72
"Apna Bana Le (From ""Bhediya"")","Arijit Singh, Sachin-Jigar",0.56,0.598926095385902,0.44,89
Hype Boy,NewJeans,0.94,0.5994379693449075,0.78,93
Bloody Mary,Lady Gaga,0.65,0.595096181024888,0.49,123
Merry Christmas,"Ed Sheeran, Elton John",0.94,0.591269493195467,0.6,102
Toxic,BoyWithUke,0.61,0.5901622453977344,0.69,93
drivers license,Olivia Rodrigo,0.43,0.5969819659874155,0.21,144
Leave The Door Open,"Bruno Mars, Anderson .Paak, Silk Sonic",0.62,0.5962576606715219,0.72,141
The Family Madrigal,"Olga Merediz, Stephanie Beatriz, Encanto - Cast",0.63,0.5951586307306264,0.56,105
Daddy Issues,The Neighbourhood,0.52,0.596162556247692,0.33,107
"Residente: Bzrp Music Sessions, Vol. 49","Residente, Bizarrap",0.74,0.5960912055500656,0.7,153
Ya No Somos Ni Seremos,Christian Nodal,0.45,0.590836836615117,0.73,158
Hope,XXXTENTACION,0.46,0.5946935472195507,0.23,94
Cool for the Summer,Demi Lovato,0.62,0.5907423277813123,0.3,87
Casei Com a Putaria,"MC Ryan SP, Love Funk, Mc Paiva ZS",0.6,0.5983990394166674,0.62,151
Style,Taylor Swift,0.79,0.6049119252268484,0.48,135
Baby Don't Hurt Me,"David Guetta, Anne-Marie, Coi Leray",0.91,0.6056290554103583,0.23,123
Perfect,Ed Sheeran,0.45,0.6031211815598119,0.17,104
Those Eyes,New West,0.35,0.6074571158799631,0.24,149
When I Was Your Man,Bruno Mars,0.27,0.6035043902894437,0.43,130
"Am I Dreaming (Metro Boomin & A$AP Rocky, Roisee)","A$AP Rocky, Metro Boomin, Roisee",0.53,0.600861101375776,0.13,110
Easy On Me,Adele,0.37,0.6017726265864676,0.13,102
Double Fantasy (with Future),"The Weeknd, Future",0.57,0.609073937696895,0.1,137
Dark Red,Steve Lacy,0.78,0.6000613576562772,0.77,102
ýýýýýýýýýýýýýýýýýýýýý,Fujii Kaze,0.76,0.6044215932320685,0.52,83
Do They Know It's Christmas? - 1984 Version,Band Aid,0.57,0.6028842181425249,0.23,90
Special,SZA,0.2,0.6062689567546314,0.19,117
Let It Snow! Let It Snow! Let It Snow!,"Frank Sinatra, B. Swanson Quartet",0.32,0.607656126806376,0.86,89
Fingers Crossed,"Lauren Spencer Smith, Lauren Spencer Smith, Lauren Spencer Smith",0.47,0.6047985812283345,0.45,77
Bored,Billie Eilish,0.33,0.604379271978233,0.11,76
Blessed-Cursed,ENHYPEN,0.89,0.6084884527923528,0.4,136
Ginseng Strip 2002,Yung Lean,0.71,0.604344898946882,0.37,86
Cigarettes,Juice WRLD,0.62,0.6005419397483363,0.47,102
When You're Gone,Shawn Mendes,0.69,0.605659192004801,0.58,117
Born Singer,BTS,0.84,0.6084074245201844,0.68,145
Crazy What Love Can Do,"David Guetta, Ella Henderson, Becky Hill",0.71,0.6064435620716335,0.46,128
My Mind & Me,Selena Gomez,0.39,0.6066315074383803,0.24,155
Frï¿½ï¿½gil (feat. Grupo Front,"Yahritza Y Su Esencia, Grupo Frontera",0.73,0.6122113974911415,0.39,91
cardigan,Taylor Swift,0.58,0.6157785033521807,0.53,99
Sweater Weather,The Neighbourhood,0.81,0.6138107979617389,0.41,107
Dandelions,Ruth B.,0.69,0.6150829721723143,0.45,120
Set Fire to the Rain,Adele,0.68,0.6106407173082057,0.47,123
Ghost,Justin Bieber,0.74,0.6143096033387953,0.41,77
"Annihilate (Spider-Man: Across the Spider-Verse) (Metro Boomin & Swae Lee, Lil Wayne, Offset)","Swae Lee, Lil Wayne, Offset, Metro Boomin",0.48,0.619915412002761,0.2,96
One Thing At A Time,Morgan Wallen,0.91,0.6122809233114872,0.92,96
Far,SZA,0.55,0.6112619824447827,0.48,90
MONTERO (Call Me By Your Name),Lil Nas X,0.51,0.6137131128505314,0.76,99
HEARTBREAK ANNIVERSARY,Giveon,0.46,0.6179449881578372,0.59,97
she's all i wanna be,Tate McRae,0.64,0.6142527241274768,0.65,133
Something Just Like This,"The Chainsmokers, Coldplay",0.65,0.6107038099323373,0.47,138
Photograph,Ed Sheeran,0.38,0.6194323244820328,0.2,130
Love Yourself,Justin Bieber,0.38,0.610469568596415,0.53,117
Savior,"Kendrick Lamar, Sam Dew, Baby Keem",0.71,0.6125362758576631,0.66,88
Callaita,"Bad Bunny, Tainy",0.62,0.6169580677171873,0.24,73
"Paulo Londra: Bzrp Music Sessions, Vol. 23","Bizarrap, Paulo Londra",0.9,0.6197358945984884,0.32,104
GIVENCHY,Duki,0.62,0.6166895043607661,0.38,133
Alone,Burna Boy,0.67,0.6178586514421872,0.32,118
"Quevedo: Bzrp Music Sessions, Vol. 52","Bizarrap, Quevedo",0.78,0.6271133370560443,0.55,86
Donï¿½ï¿½ï¿½t Bl,Taylor Swift,0.53,0.6219346538738294,0.19,113
Take Two,BTS,0.59,0.6244434693773947,0.57,99
Mockingbird,Eminem,0.67,0.6296665859665017,0.24,115
POLARIS - Remix,"Feid, Mora, Saiko, Quevedo",0.8,0.6243618811326214,0.55,75
Karma (feat. Ice Spice),"Taylor Swift, Ice Spice",0.62,0.6295316236857753,0.07,106
Mejor Que Yo,"Mambo Kingz, DJ Luian, Anuel Aa",0.66,0.6220478433343789,0.56,93
Like Crazy (English Version),Jimin,0.76,0.6284609390188547,0.32,115
Ghost in the Machine (feat. Phoebe Bridgers),"SZA, Phoebe Bridgers",0.43,0.6220783656247567,0.59,122
NEW MAGIC WAND,"Tyler, The Creator",0.73,0.6232707640006226,0.46,129
Con La Brisa,"Ludwig Goransson, Foudeqush",0.44,0.6206871876575859,0.25,132
Like Crazy,Jimin,0.73,0.6320629946376954,0.36,154
Novidade na ï¿½ï¿,"Mc Livinho, DJ Matt D",0.34,0.6399302637972809,0.36,101
MONTAGEM - FR PUNK,"Ayparia, unxbected",0.82,0.630896490735884,0.84,156
Can't Hold Us (feat. Ray Dalton),"Ray Dalton, Ryan Lewis, Macklemore",0.93,0.6312686660367642,0.88,102
"Calling (Spider-Man: Across the Spider-Verse) (Metro Boomin & Swae Lee, NAV, feat. A Boogie Wit da Hoodie)","Swae Lee, A Boogie Wit da Hoodie, Metro Boomin, NAV",0.54,0.6393303970228709,0.22,136
Just The Way You Are,Bruno Mars,0.85,0.6385215115334476,0.46,87
You Belong With Me (Taylorï¿½ï¿½ï¿½s Ve,Taylor Swift,0.73,0.6333587755755993,0.49,94
Seu Brilho Sumiu - Ao Vivo,"Israel & Rodolffo, Mari Fernandez",0.92,0.6300746458407818,0.75,123
Gangsta's Paradise,"Coolio, L.V.",0.61,0.6305613026507,0.4,127
Running Up That Hill (A Deal With God),Kate Bush,0.55,0.6334158567520631,0.2,136
You Make It Feel Like Christmas (feat. Blake Shelton),"Gwen Stefani, Blake Shelton",0.88,0.6397572571005143,0.93,115
GATï¿½ï¿½,"Maldy, Karol G",0.86,0.6368005210323867,0.34,93
All Too Well (10 Minute Version) (Taylor's Version) (From The Vault),Taylor Swift,0.52,0.6378676261532464,0.21,101
Smokin Out The Window,"Bruno Mars, Anderson .Paak, Silk Sonic",0.62,0.6301041757720734,0.85,116
Peaches (feat. Daniel Caesar & Giveon),"Justin Bieber, Daniel Caesar, Giveon",0.68,0.6317255715775577,0.49,155
Miserable Man,David Kushner,0.35,0.6387720849605822,0.31,92
Every Summertime,NIKI,0.67,0.6388095085423068,0.76,135
Sï¿½ï¿½,"Anuel Aa, Myke Towers, Jhay Cortez",0.75,0.6340944185671504,0.75,96
psychofreak (feat. WILLOW),"Camila Cabello, Willow",0.64,0.6303564962393005,0.45,71
El Apagï¿½,Bad Bunny,0.7,0.6368444326101177,0.6,159
For Youth,BTS,0.51,0.6329905328955928,0.29,86
So Good,Halsey,0.62,0.6379683212214985,0.29,102
cï¿½ï¿½mo dormi,Rels B,0.43,0.6367145065861081,0.56,78
Kill Bill,SZA,0.73,0.643175099921234,0.43,112
Anti-Hero,Taylor Swift,0.63,0.6448237781564561,0.51,117
Moonlight,Kali Uchis,0.72,0.644641739859772,0.88,108
Karma,Taylor Swift,0.62,0.6412415360257132,0.1,111
Everybody Wants To Rule The World,Tears For Fears,0.81,0.6434744901027544,0.54,95
Miracle (with Ellie Goulding),"Calvin Harris, Ellie Goulding",0.87,0.6482494702277513,0.31,119
Midnight Rain,Taylor Swift,0.37,0.648797973828688,0.18,94
Tormenta (feat. Bad Bunny),"Gorillaz, Bad Bunny",0.77,0.6426504211454859,0.3,93
Ainï¿½ï¿½ï¿½t Tha,Morgan Wallen,0.8,0.6463289816252333,0.67,82
TRUSTFALL,P!nk,0.89,0.6490491493703011,0.25,129
STAR WALKIN' (League of Legends Worlds Anthem),Lil Nas X,0.72,0.6412432651222031,0.31,76
Eu Gosto Assim - Ao Vivo,"Gustavo Mioto, Mari Fernandez",0.91,0.640502472709524,0.61,126
Yonaguni,Bad Bunny,0.65,0.644155864238435,0.44,105
Maroon,Taylor Swift,0.4,0.6427761781768271,0.04,114
Lo Siento BB:/ (with Bad Bunny & Julieta Venegas),"Julieta Venegas, Bad Bunny, Tainy",0.7,0.6479965695098362,0.14,89
you broke me first,Tate McRae,0.37,0.6479010028698753,0.08,134
Hati-Hati di Jalan,Tulus,0.44,0.6464311927651346,0.76,77
SUPERMODEL,Mï¿½ï¿½ne,0.88,0.6487525133366678,0.8,85
Selfish,PnB Rock,0.6,0.6469128816856246,0.04,83
Broke Boys,"Drake, 21 Savage",0.53,0.6499073534815349,0.11,145
WHERE SHE GOES,Bad Bunny,0.8,0.6586354289393763,0.23,156
LADY GAGA,"Gabito Ballesteros, Junior H, Peso Pluma",0.74,0.6545858094196545,0.87,84
Mine (Taylor's Version),Taylor Swift,0.78,0.6524217892861668,0.49,135
Ojitos Lindos,"Bomba Estï¿½ï¿½reo, Bad B",0.69,0.653548374396278,0.27,101
Let Me Down Slowly,Alec Benjamin,0.55,0.657236861869478,0.51,156
Shake It Off,Taylor Swift,0.8,0.6536222677948186,0.95,132
Titi Me Preguntï¿,Bad Bunny,0.72,0.6577840790307131,0.19,155
The Color Violet,Tory Lanez,0.53,0.6501922619138496,0.46,120
REMIX EXCLUSIVO,Feid,0.56,0.6590670041159973,0.71,94
Save Your Tears (with Ariana Grande) (Remix),"Ariana Grande, The Weeknd",0.79,0.6520987642477573,0.63,127
Bombonzinho - Ao Vivo,"Israel & Rodolffo, Ana Castela",0.95,0.6537355640855316,0.72,132
Boy With Luv (feat. Halsey),"Halsey, BTS",0.86,0.6504004123800792,0.8,131
Shut up My Moms Calling - (Sped Up),Hotel Ugly,0.47,0.6524830147318399,0.36,91
Agudo Mï¿½ï¿½gi,"Styrx, utku INC, Thezth",0.8,0.6529021105299934,0.49,127
Holly Jolly Christmas,Michael Bublï¿,0.47,0.6579214906056114,0.7,127
Seek & Destroy,SZA,0.65,0.6570973370718299,0.35,155
Out of Time,The Weeknd,0.74,0.659646250033193,0.82,118
Surface Pressure,Jessica Darrow,0.58,0.6585809784558646,0.37,121
I AM WOMAN,Emmy Meli,0.47,0.6509142411269729,0.46,111
Worst Day,Future,0.6,0.6558965380846733,0.6,139
Nail Tech,Jack Harlow,0.58,0.6556392438840338,0.11,84
We Cry Together,"Kendrick Lamar, Taylour Paige",0.69,0.6571387175241225,0.52,123
Grapejuice,Harry Styles,0.72,0.6585068780576454,0.88,129
KU LO SA - A COLORS SHOW,Oxlade,0.66,0.658629042450915,0.79,77
Prohibidox,Feid,0.8,0.656695309109186,0.52,122
Bye Bye,"Marshmello, Juice WRLD",0.53,0.6520971952666262,0.24,129
Counting Stars,OneRepublic,0.71,0.6671933053019893,0.48,74
Ch y la Pizza,"Fuerza Regida, Natanael Cano",0.6,0.665282902609052,0.85,137
Snow On The Beach (feat. More Lana Del Rey),"Lana Del Rey, Taylor Swift",0.4,0.6648786422744754,0.32,75
Thinkinï¿½ï¿½ï¿½ B,Morgan Wallen,0.76,0.6664669721176844,0.43,116
Love Again,The Kid Laroi,0.4,0.6683991961038919,0.47,124
After Hours,The Weeknd,0.57,0.6622632684185773,0.16,109
Boy's a liar,PinkPantheress,0.84,0.667117084746468,0.74,121
Snow On The Beach (feat. Lana Del Rey),"Taylor Swift, Lana Del Rey",0.32,0.6612333186418132,0.19,85
Need To Know,Doja Cat,0.61,0.662154388864017,0.19,82
"Tiago PZK: Bzrp Music Sessions, Vol. 48","Bizarrap, Tiago pzk",0.82,0.6610246710040041,0.76,99
Lost in the Fire,"The Weeknd, Gesaffelstein",0.68,0.6633000886300477,0.18,88
Volando - Remix,"Sech, Bad Bunny, Mora",0.69,0.661952585881056,0.63,86
La Corriente,"Tony Dize, Bad Bunny",0.79,0.6603727453739703,0.58,132
Mirror,Kendrick Lamar,0.65,0.6611772330664539,0.29,88
Savior - Interlude,Kendrick Lamar,0.43,0.6693091155245499,0.83,127
Miss You,Southstar,0.58,0.6628941261738752,0.24,124
Mastermind,Taylor Swift,0.35,0.6679199968241278,0.12,159
Ella Baila Sola,"Eslabon Armado, Peso Pluma",0.76,0.6778456102072863,0.83,159
Columbia,Quevedo,0.71,0.6764619431414473,0.26,131
Dance The Night (From Barbie The Album),Dua Lipa,0.85,0.6743499922292642,0.78,92
Angels Like You,Miley Cyrus,0.64,0.6737563765288657,0.49,78
(It Goes Like) Nanana - Edit,Peggy Gou,0.88,0.6717669007119729,0.96,81
Night Changes,One Direction,0.52,0.6757399468665298,0.4,70
Hits Different,Taylor Swift,0.78,0.6798461443509264,0.24,127
Oi Balde - Ao Vivo,Zï¿½ï¿½ Neto & Crist,0.67,0.6789992607482098,0.55,70
I Know - PR1SVX Edit,"Kanii, PR1ISVX",0.76,0.6705726556356965,0.11,103
Where Are You Now,"Lost Frequencies, Calum Scott",0.64,0.6779314649748366,0.26,117
Mistletoe,Justin Bieber,0.54,0.6701355837744777,0.88,158
A Holly Jolly Christmas - Single Version,Burl Ives,0.36,0.6781181609368896,0.81,70
Open Arms (feat. Travis Scott),"SZA, Travis Scott",0.59,0.6771330842961821,0.22,85
My Only Wish (This Year),Britney Spears,0.72,0.6791950978363758,0.69,130
Infinity,Jaymes Young,0.67,0.6762102176596307,0.5,133
Salimo de Noche,"Trueno, Tiago pzk",0.63,0.6795207380964328,0.78,132
Thunder,"Prezioso, Gabry Ponte, LUM!X",0.9,0.6760149665689998,0.4,138
Fair Trade (with Travis Scott),"Drake, Travis Scott",0.47,0.6752035389949613,0.29,91
"Cayï¿½ï¿½ La Noche (feat. Cruz Cafunï¿½ï¿½, Abhir Hathi, Bejo, EL IMA)","Quevedo, La Pantera, Juseph, Cruz Cafunï¿½ï¿½, Bï¿½ï¿½jo, Abhir Hathi",0.75,0.6727307434829572,0.74,136
Swim,Chase Atlantic,0.54,0.6710563369948543,0.08,145
Demasiadas Mujeres,C. Tangana,0.46,0.6719575643354567,0.37,95
Hold Me Closer,"Elton John, Britney Spears",0.77,0.6700478205751995,0.49,85
Forget Me,Lewis Capaldi,0.74,0.6709424286670849,0.72,120
Starboy,"The Weeknd, Daft Punk",0.59,0.6837769970716272,0.49,155
CORAZï¿½ï¿½N VA,Maria Becerra,0.79,0.6876235554137091,0.4,126
Coco Chanel,"Bad Bunny, Eladio Carrion",0.76,0.6835390640453347,0.14,98
Too Many Nights (feat. Don Toliver & with Future),"Future, Metro Boomin, Don Toliver",0.71,0.686565512978493,0.17,147
Save Your Tears,The Weeknd,0.82,0.6819693432797058,0.61,138
Sure Thing,Miguel,0.6,0.6821383637293734,0.51,116
I AM,IVE,0.88,0.6840008676335596,0.38,131
on the street (with J. Cole),"j-hope, J. Cole",0.82,0.6849784678689546,0.81,138
I Wrote The Book,Morgan Wallen,0.81,0.6858978685603332,0.83,145
Muï¿½ï¿½,"Steve Aoki, Tini, La Joaqui",0.71,0.6806841076920933,0.83,85
I'm Not The Only One,Sam Smith,0.49,0.6875306942347724,0.5,159
One Right Now (with The Weeknd),"The Weeknd, Post Malone",0.78,0.6844379993417496,0.72,159
thought i was playing,"21 Savage, Gunna",0.73,0.6885836565828647,0.29,117
Adore You,Harry Styles,0.77,0.6815532560961864,0.57,154
Tom's Diner,"AnnenMayKantereit, Giant Rooks",0.43,0.6863259223854667,0.33,108
In My Head,Lil Tjay,0.55,0.6815823902927903,0.41,102
Still Life,BIGBANG,0.58,0.6832011214772984,0.24,92
TUS Lï¿½ï¿½GR,"Sech, Mora",0.71,0.6813862564633607,0.45,79
295,Sidhu Moose Wala,0.76,0.6898020524797829,0.54,138
After LIKE,IVE,0.92,0.6897093543263765,0.8,103
I Can See You (Taylorï¿½ï¿½ï¿½s Version) (From The ,Taylor Swift,0.76,0.6930635455972514,0.82,121
Nosso Quadro,"Ana Castela, AgroPlay",0.71,0.6947741804321776,0.61,79
Bad Habit,Steve Lacy,0.51,0.6927984647191334,0.69,88
Watch This - ARIZONATEARS Pluggnb Remix,"sped up nightcore, ARIZONATEARS, Lil Uzi Vert",0.9,0.6957653911403138,0.36,127
"You're On Your Own, Kid",Taylor Swift,0.39,0.6957719796784043,0.4,70
Deck The Hall - Remastered 1999,Nat King Cole,0.36,0.6978449416924697,0.96,138
Run Rudolph Run - Single Version,Chuck Berry,0.71,0.694801703430435,0.94,73
When Iï¿½ï¿½ï¿½m Gone (with Katy ,"Katy Perry, Alesso",0.89,0.6984408888475703,0.7,85
Light Switch,Charlie Puth,0.63,0.6917754183856881,0.91,93
Levitating,Dua Lipa,0.88,0.6978341031571014,0.9,149
Monï¿½ï¿½y so,YEAT,0.57,0.6909876929358566,0.35,71
RUMBATï¿½,Daddy Yankee,0.91,0.6974871765759636,0.9,101
Daylight,Harry Styles,0.45,0.6943346238893625,0.63,153
Boy's a liar Pt. 2,"PinkPantheress, Ice Spice",0.81,0.7019358966394564,0.86,93
No Role Modelz,J. Cole,0.52,0.7066806621011856,0.47,81
Why'd You Only Call Me When You're High?,Arctic Monkeys,0.63,0.7092346565512517,0.81,119
Fin de Semana,"Oscar Maydon, Junior H",0.54,0.7015098144427628,0.37,104
Circles,Post Malone,0.75,0.7034213993935465,0.59,102
Abcdario,"Junior H, Eden Muï¿½ï",0.43,0.7069870767649262,0.42,102
Haegeum,Agust D,0.84,0.7046854258703097,0.83,130
Komang,Raim Laode,0.41,0.7023283536122824,0.35,120
En Paris,"El Chachito, Junior H",0.48,0.7001055667562553,0.77,112
Rosa Pastel,"Jasiel Nuï¿½ï¿½ez, Peso P",0.68,0.7027257411368548,0.86,81
Lose Yourself - Soundtrack Version,Eminem,0.73,0.704598477885962,0.06,136
10:35:00,"Tiï¿½ï¿½sto, Tate M",0.79,0.7041735138774807,0.7,134
Dijeron Que No La Iba Lograr,"Fuerza Regida, Chino Pacas",0.79,0.7024757397010687,0.76,102
Low,SZA,0.55,0.7025726712540051,0.34,109
Red Ruby Da Sleeze,Nicki Minaj,0.73,0.7057369309202728,0.29,143
Maan Meri Jaan,King,0.51,0.7086404446743767,0.4,112
I'm Not Here To Make Friends,"Sam Smith, Calvin Harris, Jessie Reyez",0.9,0.7095198491096822,0.84,113
Te Felicito,"Shakira, Rauw Alejandro",0.64,0.7033801756071759,0.57,98
Evergreen (You Didnï¿½ï¿½ï¿½t Deserve Me A,Omar Apollo,0.34,0.7065012146976474,0.31,82
Levitating (feat. DaBaby),"Dua Lipa, DaBaby",0.83,0.707659708383802,0.92,81
Rockin' Around The Christmas Tree,Brenda Lee,0.41,0.7094872843293477,0.85,115
Antidepresan,"Mabel Matiz, Mert Demir",0.59,0.7018742155281892,0.92,71
SPIT IN MY FACE!,ThxSoMch,0.57,0.7044570851437162,0.57,104
Bejeweled,Taylor Swift,0.56,0.7007251371084195,0.39,156
ýýýabcdefu,Gayle,0.54,0.7055539348480181,0.42,150
Sacrifice,The Weeknd,0.79,0.704899684258476,0.91,159
Is There Someone Else?,The Weeknd,0.58,0.7009269753343353,0.6,77
Take My Breath,The Weeknd,0.77,0.7013950399804156,0.35,95
Entre Nosotros (Remix) [con Nicki Nicole],"Lit Killah, Maria Becerra, Tiago pzk, NICKI NICOLE",0.44,0.7046575929192493,0.61,143
Life Goes On,Oliver Tree,0.49,0.7019961881897159,0.57,159
Mood (feat. Iann Dior),"24kgoldn, Iann Dior",0.72,0.7041844454943424,0.76,103
Permission to Dance,BTS,0.74,0.7028582082710699,0.65,76
"jealousy, jealousy",Olivia Rodrigo,0.58,0.7018817730960198,0.71,137
LOVE DIVE,IVE,0.71,0.7005593619204863,0.54,127
Right On,Lil Baby,0.61,0.7026364662879381,0.22,144
Flowers,Lauren Spencer Smith,0.44,0.7045571778534705,0.31,98
En El Radio Un Cochinero,Victor Cibrian,0.62,0.709757568126557,0.97,105
BREAK MY SOUL,Beyoncï¿,0.88,0.7070378716924506,0.87,158
Caile,Luar La L,0.76,0.701864773595215,0.46,90
JGL,"Luis R Conriquez, La Adictiva",0.59,0.7015456790507844,0.97,105
Ferxxo 100,Feid,0.57,0.7036714867928028,0.58,79
Talk,YEAT,0.76,0.7074075979121082,0.26,142
Poland,Lil Yachty,0.56,0.7095178083079499,0.26,93
LALA,Myke Towers,0.74,0.7124021006119269,0.61,133
Flowers,Miley Cyrus,0.68,0.718952290014049,0.65,118
Creepin',"The Weeknd, 21 Savage, Metro Boomin",0.61,0.7178457711052008,0.17,105
I Ain't Worried,OneRepublic,0.81,0.7178271962873976,0.82,151
Unholy (feat. Kim Petras),"Sam Smith, Kim Petras",0.47,0.7191821603319591,0.24,93
Fast Car,Luke Combs,0.6,0.7134368706178276,0.67,92
Reminder,The Weeknd,0.5,0.719192634766996,0.4,131
La Jumpa,"Arcangel, Bad Bunny",0.7,0.712104967093437,0.58,106
Normal,Feid,0.56,0.7186496901870414,0.59,81
DOGTOOTH,"Tyler, The Creator",0.65,0.7144255608411545,0.8,124
Late Night Talking,Harry Styles,0.73,0.7155317703226531,0.9,82
Murder In My Mind,Kordhell,0.97,0.7118330652966907,0.57,92
Peaches (from The Super Mario Bros. Movie),Jack Black,0.31,0.7192166818946799,0.41,158
Dreamers [Music from the FIFA World Cup Qatar 2022 Official Soundtrack],"BTS, Jung Kook, FIFA Sound",0.88,0.7179801305162308,0.34,99
Sugar Rush Ride,TOMORROW X TOGETHER,0.89,0.7198729647910401,0.83,86
Love Language,SZA,0.26,0.7109889177103388,0.55,131
Beggin,Mï¿½ï¿½ne,0.8,0.7110831231815709,0.59,153
family ties (with Kendrick Lamar),"Kendrick Lamar, Baby Keem",0.61,0.7164232413949888,0.14,158
That's Hilarious,Charlie Puth,0.44,0.7120303098109882,0.55,155
Soy El Unico,Yahritza Y Su Esencia,0.45,0.7142674438062335,0.63,82
Me Fui de Vacaciones,Bad Bunny,0.65,0.715024968655228,0.43,128
Pasoori,"Shae Gill, Ali Sethi",0.6,0.7177368643663616,0.67,88
I Tried to Tell Y'all,"Ugly Dray, Tesla Jnr",0.52,0.7147474439261515,0.37,118
True Love,"Kanye West, XXXTENTACION",0.86,0.7168045704281716,0.39,81
Daydreaming,Harry Styles,0.81,0.7179096592782419,0.9,130
Baile no Morro,"Mc Vitin Da Igrejinha, MC Tairon, DJ Win",0.4,0.7186788920543914,0.78,88
TQG,"Karol G, Shakira",0.63,0.7220760193851647,0.61,145
El Cielo,"Feid, Myke Towers, Sky Rompiendo",0.64,0.7208116801965027,0.17,78
Superhero (Heroes & Villains) [with Future & Chris Brown],"Future, Chris Brown, Metro Boomin",0.59,0.7201872778102539,0.45,140
All Of The Girls You Loved Before,Taylor Swift,0.47,0.7280497690236847,0.4,97
"Arcï¿½ï¿½ngel: Bzrp Music Sessions, Vol","Arcangel, Bizarrap",0.78,0.7205156153434408,0.79,147
VOID,Melanie Martinez,0.66,0.7256102780027541,0.42,121
WANDA,Quevedo,0.63,0.723192666289663,0.96,152
Enemy (with JID) - from the series Arcane League of Legends,"Imagine Dragons, League of Legends, JID, Arcane",0.76,0.7264818141225102,0.59,85
Snowman,Sia,0.51,0.7242703609402267,0.33,138
Merry Christmas Everyone,Shakin' Stevens,0.87,0.7231566200540368,0.91,81
Notice Me,SZA,0.68,0.7233334731387164,0.78,94
Better Days (NEIKED x Mae Muller x Polo G),"NEIKED, Mae Muller, Polo G",0.68,0.7276430352544127,0.67,121
What Else Can I Do?,"Stephanie Beatriz, Diane Guerrero",0.71,0.7219627167793721,0.54,154
Leave Before You Love Me (with Jonas Brothers),"Marshmello, Jonas Brothers",0.72,0.7276473950521637,0.67,122
DARARI,Treasure,0.64,0.721428848794902,0.55,92
Chance,Paulo Londra,0.46,0.7210831810285615,0.22,85
Run BTS,BTS,0.82,0.7263099784136132,0.7,126
Music For a Sushi Restaurant,Harry Styles,0.72,0.7271669016290648,0.36,108
Keep Driving,Harry Styles,0.48,0.7218689773539456,0.9,122
STAYING ALIVE (feat. Drake & Lil Baby),"Drake, DJ Khaled, Lil Baby",0.46,0.724864237599785,0.18,111
2 Be Loved (Am I Ready),Lizzo,0.77,0.7206572399052366,0.92,127
Locked Out Of Heaven,Bruno Mars,0.7,0.7322181491300357,0.87,108
Under The Influence,Chris Brown,0.69,0.7329512904003914,0.31,83
We Found Love,"Rihanna, Calvin Harris",0.77,0.7349089261483237,0.6,74
Piï¿½ï¿½man Deï¿,"Semicenk, Doï¿½ï¿½u ",0.62,0.7395405976544542,0.45,104
Lavender Haze,Taylor Swift,0.44,0.7339234486171672,0.1,156
People Pt.2 (feat. IU),"IU, Agust D",0.57,0.7311673074118917,0.44,144
HAPPY,NF,0.86,0.7382835443292965,0.22,87
You Proof,Morgan Wallen,0.85,0.7389351682517292,0.64,145
Quï¿½ï¿½ Ago,"Yuridia, Angela Aguilar",0.57,0.7378003376824082,0.88,143
Used (feat. Don Toliver),"SZA, Don Toliver",0.69,0.7300951549076742,0.71,127
It's Beginning to Look a Lot Like Christmas (with Mitchell Ayres & His Orchestra),"Perry Como, The Fontane Sisters, Mitchell Ayres & His Orchestra",0.32,0.7305836300341152,0.72,86
Volvï¿,"Aventura, Bad Bunny",0.86,0.7326737038533956,0.79,76
Dakiti,"Bad Bunny, Jhay Cortez",0.57,0.7381440308765249,0.14,115
Nostï¿½ï¿½l,"Chris Brown, Rvssian, Rauw Alejandro",0.85,0.7302397511333864,0.6,82
Rolling in the Deep,Adele,0.76,0.7301843245191162,0.52,109
positions,Ariana Grande,0.8,0.7311097100629513,0.66,111
Pope Is a Rockstar,SALES,0.45,0.7312496048876378,0.31,78
Enemy - from the series Arcane League of Legends,"Imagine Dragons, League of Legends, Arcane",0.74,0.7334528530029254,0.54,119
Problemï¿½,"Alvaro Diaz, Rauw Alejandro",0.74,0.737861689581163,0.37,96
Mal Feito - Ao Vivo,"Marï¿½ï¿½lia Mendonï¿½ï¿½a, Hugo & G",0.83,0.7312329456801977,0.68,135
Mr. Morale,"Kendrick Lamar, Tanna Leone",0.54,0.7357724751206688,0.26,74
SloMo,Chanel,0.81,0.7399021527499954,0.59,98
Pass The Dutchie,Musical Youth,0.67,0.736532248224414,0.88,106
Betty (Get Money),Yung Gravy,0.75,0.7359333681269932,0.62,107
Nxde,(G)I-DLE,0.91,0.7305184084162936,0.65,152
Circo Loco,"Drake, 21 Savage",0.61,0.7369836924630222,0.25,77
Rush,Troye Sivan,0.84,0.7479791982286699,0.35,134
What It Is (Solo Version),Doechii,0.76,0.742700876601428,0.76,155
Money Trees,"Kendrick Lamar, Jay Rock",0.53,0.740945267972812,0.37,86
Nonsense,Sabrina Carpenter,0.68,0.7452356084959338,0.68,140
El Gordo Trae El Mando,Chino Pacas,0.8,0.7467599995252563,0.96,158
Cheques,Shubh,0.63,0.7402194021776954,0.36,114
Have You Ever Seen The Rain?,Creedence Clearwater Revival,0.7,0.7476701690903573,0.76,73
CHORRITO PA LAS ANIMAS,Feid,0.83,0.7426462291597621,0.61,105
Cupid ï¿½ï¿½ï¿½ Twin Ver. (FIFTY FIFTY) ï¿½ï¿½ï¿½ Spe,sped up 8282,0.73,0.7467157793390179,0.75,139
Leï¿½,Marï¿½ï¿½lia Mendo,0.87,0.749900746794378,0.79,100
LET GO,Central Cee,0.45,0.7470714109321722,0.51,88
I Like You (A Happier Song) (with Doja Cat),"Post Malone, Doja Cat",0.69,0.7450074718827787,0.43,130
Besos Moja2,"Wisin & Yandel, ROSALï¿½",0.73,0.742628502752614,0.64,123
INDUSTRY BABY (feat. Jack Harlow),"Jack Harlow, Lil Nas X",0.7,0.7420318609099739,0.89,108
Payphone,"Maroon 5, Wiz Khalifa",0.74,0.7417213043336781,0.51,143
Last Christmas,Wham!,0.65,0.7455032183258254,0.88,159
Jingle Bell Rock,Bobby Helms,0.37,0.7487411442437218,0.78,88
Gasoline,The Weeknd,0.73,0.7425216888192554,0.35,108
love nwantiti (ah ah ah),Ckay,0.73,0.7410324051554847,0.53,136
THATS WHAT I WANT,Lil Nas X,0.85,0.7435191669958037,0.55,114
TO THE MOON,Jnr Choi,0.65,0.7439306096418911,0.39,82
No Lie,"Sean Paul, Dua Lipa",0.89,0.7463047892180996,0.45,127
AM Remix,"J Balvin, Nio Garcia, Bad Bunny",0.66,0.7430697042431327,0.79,89
Polaroid Love,ENHYPEN,0.67,0.7474094649773246,0.65,141
Numb Little Bug,Em Beihold,0.52,0.7479008467333462,0.61,130
La Santa,"Daddy Yankee, Bad Bunny",0.87,0.7450988422613419,0.59,108
Si Te La Encuentras Por Ahï¿,Feid,0.58,0.7466052601566686,0.46,70
B.O.T.A. (Baddest Of Them All) - Edit,"Interplanetary Criminal, Eliza Rose",0.89,0.7473713156836324,0.71,72
California Breeze,Lil Baby,0.67,0.7429361553527204,0.22,146
Blank Space,Taylor Swift,0.68,0.7571000908049463,0.57,131
LUNA,"Junior H, Peso Pluma",0.63,0.751087454755261,0.79,132
Trance (with Travis Scott & Young Thug),"Travis Scott, Young Thug, Metro Boomin",0.53,0.7554361728054126,0.48,94
Acrï¿½ï¿½s,Shakira,0.48,0.7598433578482325,0.35,125
Punto G,Quevedo,0.76,0.758300437904125,0.55,102
Revenge,XXXTENTACION,0.25,0.7563802898029031,0.18,107
LA CANCIï¿½,"J Balvin, Bad Bunny",0.65,0.7537960841097673,0.43,75
Wonderful Christmastime - Edited Version / Remastered 2011,Paul McCartney,0.58,0.7570288064200196,0.74,127
I Heard You're Married (feat. Lil Wayne),"The Weeknd, Lil Wayne",0.84,0.7500447906816734,0.85,113
Mon Amour - Remix,"Aitana, zzoilo",0.76,0.7541501966321117,0.36,114
The Motto,"Tiï¿½ï¿½sto, Ava",0.76,0.753162683713247,0.46,101
Tacones Rojos,Sebastian Yatra,0.86,0.7592802253594754,0.93,114
Dynamite,BTS,0.77,0.754950022589948,0.74,130
I WANNA BE YOUR SLAVE,Mï¿½ï¿½ne,0.61,0.7599487384187945,0.96,116
Streets,Doja Cat,0.46,0.7595252105693748,0.19,149
Closer,"The Chainsmokers, Halsey",0.52,0.7590618452369007,0.64,154
Pussy & Millions (feat. Travis Scott),"Drake, Travis Scott, 21 Savage",0.63,0.7530494044508721,0.45,144
Question...?,Taylor Swift,0.5,0.750301048074796,0.11,105
Sunflower - Spider-Man: Into the Spider-Verse,"Post Malone, Swae Lee",0.5,0.7686544855323341,0.91,88
Heat Waves,Glass Animals,0.53,0.7637485804686096,0.53,89
"Tere Vaaste (From ""Zara Hatke Zara Bachke"")","Sachin-Jigar, Shadab Faridi, Altamash Faridi, Amitabh Bhattacharya, Varun Jain",0.72,0.766912325643063,0.96,126
Stand By Me (feat. Morgan Wallen),"Lil Durk, Morgan Wallen",0.58,0.7629376662801682,0.61,87
Igualito a Mi Apï¿,"Fuerza Regida, Peso Pluma",0.81,0.7633708244238738,0.8,116
Shoong! (feat. LISA of BLACKPINK),"TAEYANG, Lisa",0.7,0.7698264327655248,0.26,118
LA INOCENTE,"Feid, Mora",0.79,0.7631283087909121,0.46,83
Vista Al Mar,Quevedo,0.56,0.7615609785484249,0.49,84
Pepas,Farruko,0.77,0.7684243287420989,0.44,100
Sobrio,Maluma,0.77,0.7675809195669756,0.63,70
Ley Seca,"Anuel Aa, Jhay Cortez",0.84,0.7633357068993648,0.58,123
Mujeriego,Ryan Castro,0.62,0.763241479823156,0.92,72
Seï¿½ï¿½o,"Shawn Mendes, Camila Cabello",0.52,0.7610365664612351,0.77,85
Bam Bam (feat. Ed Sheeran),"Camila Cabello, Ed Sheeran",0.7,0.7645311640128264,0.96,156
La Zona,Bad Bunny,0.8,0.7687866940509736,0.81,126
Wait a Minute!,Willow,0.71,0.7656415191563746,0.63,144
The Heart Part 5,Kendrick Lamar,0.81,0.7606375465701777,0.79,81
Barbie World (with Aqua) [From Barbie The Album],"Nicki Minaj, Aqua, Ice Spice",0.58,0.7707346190318983,0.75,143
BESO,"Rauw Alejandro, ROSALï¿½",0.64,0.7772344951498087,0.53,85
BABY HELLO,"Rauw Alejandro, Bizarrap",0.89,0.7785440731995817,0.84,141
Bones,Imagine Dragons,0.72,0.7721817024514912,0.65,145
LAGUNAS,"Jasiel Nuï¿½ï¿½ez, Peso P",0.62,0.7738913549886098,0.79,93
Believer,Imagine Dragons,0.78,0.7750696890046116,0.74,97
One Dance,"Drake, WizKid, Kyla",0.63,0.7732494268977372,0.36,77
AMG,"Natanael Cano, Gabito Ballesteros, Peso Pluma",0.73,0.778815337962036,0.79,105
"All The Way Live (Spider-Man: Across the Spider-Verse) (Metro Boomin & Future, Lil Uzi Vert)","Future, Lil Uzi Vert, Metro Boomin",0.55,0.7729732176026957,0.28,159
Conexï¿½ï¿½es de Mï¿½ï¿½fia (feat. Rich ,"Rich The Kid, Matuï¿",0.58,0.7732618521664014,0.69,77
Cupid,Fifty Fifty,0.66,0.7792710722701193,0.94,127
Super,SEVENTEEN,0.88,0.7737680802275733,0.35,129
Sunroof,"Nicky Youre, Dazy",0.71,0.7729087058761717,0.84,119
Marisola - Remix,"Duki, NICKI NICOLE, Cris Mj, Standly, Stars Music Chile",0.87,0.7722073513500431,0.72,97
"Besharam Rang (From ""Pathaan"")","Vishal-Shekhar, Shilpa Rao, Caralisa Monteiro, Kumaar, Vishal Dadlani, Shekhar Ravjiani",0.8,0.7745855192027667,0.65,110
Kiss Me More (feat. SZA),"SZA, Doja Cat",0.66,0.7774040844301489,0.74,133
Donï¿½ï¿½ï¿½t Break My,The Weeknd,0.62,0.7744614416962748,0.25,96
Meet Me At Our Spot,"THE ANXIETY, Willow, Tyler Cole",0.47,0.7758695218488694,0.4,132
pushin P (feat. Young Thug),"Young Thug, Future, Gunna",0.42,0.7763738909031588,0.49,86
Don't Be Shy,"Tiï¿½ï¿½sto, Kar",0.79,0.7769783454342707,0.51,142
LA FAMA (with The Weeknd),"The Weeknd, ROSALï¿½",0.3,0.7723152571100331,0.82,102
Acapulco,Jason Derulo,0.79,0.7754237213259665,0.51,153
Cï¿½ï¿½,Rauw Alejandro,0.63,0.7738593881173165,0.26,146
Memories,Maroon 5,0.32,0.7720589320861646,0.6,98
California Love - Original Version (Explicit),"Dr. Dre, 2Pac, Roger",0.84,0.7755796581215875,0.76,82
Thinking with My Dick,"Kevin Gates, Juicy J",0.7,0.7742651948926982,0.68,115
Where Did You Go?,"MNEK, Jax Jones",0.78,0.7762968289890307,0.53,104
Bad Decisions (with BTS & Snoop Dogg),"Snoop Dogg, BTS, Benny Blanco",0.87,0.772642040298476,0.94,75
Siempre Pendientes,"Peso Pluma, Luis R Conriquez",0.75,0.7741708001385799,0.71,151
Pipoco,"Melody, Ana Castela, Dj Chris No Beat",0.74,0.775161947288535,0.74,138
Talk that Talk,TWICE,0.91,0.7745586372880671,0.78,116
Spin Bout U,"Drake, 21 Savage",0.7,0.7775516860012591,0.2,94
Super Shy,NewJeans,0.82,0.7888685199157974,0.52,135
Cupid - Twin Ver.,Fifty Fifty,0.59,0.783893235471433,0.76,79
Yandel 150,"Yandel, Feid",0.73,0.7817471040897246,0.58,125
El Merengue,"Marshmello, Manuel Turizo",0.68,0.7829883574309021,0.7,99
"Rauw Alejandro: Bzrp Music Sessions, Vol. 56","Rauw Alejandro, Bizarrap",0.65,0.7800283872928907,0.59,74
"Shakira: Bzrp Music Sessions, Vol. 53","Shakira, Bizarrap",0.63,0.7887034416413138,0.5,102
Bye,Peso Pluma,0.81,0.7869846369548259,0.7,134
PRC,"Natanael Cano, Peso Pluma",0.83,0.7881717959962613,0.89,87
Self Love (Spider-Man: Across the Spider-Verse) (Metro Boomin & Coi Leray),"Metro Boomin, Coi Leray",0.3,0.7841226401099008,0.05,118
Eyes Closed,Ed Sheeran,0.53,0.7808842059872347,0.39,80
Las Morras,"BLESSD, Peso Pluma",0.84,0.7814731832769953,0.9,154
CUFF IT,Beyoncï¿,0.69,0.7806612204748429,0.64,95
AMERICA HAS A PROBLEM (feat. Kendrick Lamar),"Kendrick Lamar, Beyoncï¿",0.7,0.7813801291861308,0.2,132
La Bebe,Yng Lvcas,0.46,0.7862087530484081,0.75,158
2055,Sleepy hallow,0.52,0.7815321772171204,0.65,155
Astronaut In The Ocean,Masked Wolf,0.7,0.7861805672764423,0.47,128
Stan,"Eminem, Dido",0.74,0.7887428725860538,0.53,96
Thinking Out Loud,Ed Sheeran,0.45,0.7817113194750136,0.58,118
DANï¿½ï¿½A,"Mc Pedrinho, Pedro Sampaio",0.57,0.789446201172876,0.55,146
Vampiro,"Matuï¿½ï¿½, Wiu, ",0.64,0.7876928598006182,0.63,102
IDGAF (with blackbear),"Blackbear, BoyWithUke",0.75,0.788120832047645,0.83,70
Die Hard,"Kendrick Lamar, Blxst, Amanda Reifer",0.74,0.781092591405223,0.4,90
Count Me Out,Kendrick Lamar,0.43,0.7840007779035809,0.51,124
Otro Atardecer,"Bad Bunny, The Marï¿½ï",0.6,0.7872109725765941,0.55,75
MORE,j-hope,0.72,0.7876309141200188,0.31,150
Lady Mi Amor,Feid,0.62,0.7864160051257852,0.75,138
SABOR FRESA,Fuerza Regida,0.86,0.7984025445483601,0.96,74
TQM,Fuerza Regida,0.85,0.7944376023994105,0.96,72
QUEMA,"Sog, Ryan Castro, Peso Pluma",0.89,0.7984654005083489,0.92,122
69,"Nicky Jam, Feid",0.62,0.7957457473122751,0.58,92
X SI VOLVEMOS,"Karol G, Romeo Santos",0.78,0.797182990063754,0.58,122
Shivers,Ed Sheeran,0.86,0.7906822868421315,0.82,106
PLAYA DEL INGLï¿½,"Myke Towers, Quevedo",0.74,0.7974771940964268,0.66,143
VIBE (feat. Jimin of BTS),"TAEYANG, Jimin",0.68,0.7929646586293767,0.6,143
One Kiss (with Dua Lipa),"Calvin Harris, Dua Lipa",0.86,0.792132433480231,0.59,152
Don't Start Now,Dua Lipa,0.79,0.7950720812130934,0.68,86
Conceited,SZA,0.46,0.7988575841546445,0.77,154
Medallo,"Justin Quiles, Lenny Tavï¿½ï¿½rez, BL",0.7,0.7921721911379289,0.79,147
Butter,BTS,0.36,0.795250772425678,0.7,142
Sky,Playboi Carti,0.91,0.7950050114024815,0.56,70
OUT OUT (feat. Charli XCX & Saweetie),"Charli XCX, Jax Jones, Joel Corry, Saweetie",0.84,0.795154814558704,0.79,120
RAPSTAR,Polo G,0.54,0.7940881979199448,0.44,114
212,"Mainstreet, Chefin",0.52,0.7944217277845976,0.86,146
Si Quieren Frontear,"De La Ghetto, Duki, Quevedo",0.84,0.7901644863384527,0.48,73
Get Lucky - Radio Edit,"Pharrell Williams, Nile Rodgers, Daft Punk",0.81,0.7980011063640733,0.87,131
Un Ratito,Bad Bunny,0.55,0.7979606042114912,0.22,134
El Rescate,"Grupo Marca Registrada, Junior H",0.59,0.799419218456762,0.64,101
Heartless,Kanye West,0.65,0.7989666803580134,0.66,103
Seven (feat. Latto) (Explicit Ver.),"Latto, Jung Kook",0.83,0.8004209213718962,0.89,141
Calm Down (with Selena Gomez),"Rï¿½ï¿½ma, Selena G",0.8,0.8050392730138737,0.82,108
Cold Heart - PNAU Remix,"Dua Lipa, Elton John, Pnau",0.8,0.8072361749267101,0.92,95
OMG,NewJeans,0.77,0.8073218261590723,0.74,103
Obsessed,"Abhijay Sharma, Riar Saab",0.74,0.8010686242775367,0.85,123
Bite Me,ENHYPEN,0.78,0.8036217475076632,0.69,72
Efecto,Bad Bunny,0.48,0.8067461685474743,0.23,119
UNFORGIVEN (feat. Nile Rodgers),"Nile Rodgers, LE SSERAFIM",0.88,0.8075603955815501,0.38,81
Mami Chula,"Quevedo, Jhayco",0.7,0.8089337254281952,0.33,134
Superman,"Eminem, Dina Rae",0.76,0.8015720835167786,0.64,123
Moscow Mule,Bad Bunny,0.67,0.8054960026345725,0.29,74
Pink Venom,BLACKPINK,0.69,0.8050378362007011,0.71,126
Limbo,Freddie Dredd,0.62,0.8061589023391857,0.46,86
Raindrops (Insane) [with Travis Scott],"Travis Scott, Metro Boomin",0.54,0.8091664533663167,0.15,116
Tarot,"Bad Bunny, Jhay Cortez",0.68,0.8028911858959984,0.42,92
How Do I Make You Love Me?,The Weeknd,0.51,0.8055149585559718,0.62,148
Praise God,Kanye West,0.55,0.8064402230180201,0.21,154
The Business,Tiï¿½ï¿,0.62,0.8032172777129561,0.24,83
Way 2 Sexy (with Future & Young Thug),"Drake, Future, Young Thug",0.6,0.8093236559818753,0.33,135
Esqueï¿½ï¿½a-Me Se For C,"Marï¿½ï¿½lia Mendonï¿½ï¿½a, Maiara &",0.69,0.803624796868201,0.62,144
Jordan,Ryan Castro,0.68,0.8055521989096307,0.71,120
Freaky Deaky,"Tyga, Doja Cat",0.65,0.805629251999304,0.24,107
Andrea,"Buscabulla, Bad Bunny",0.62,0.8019997724165395,0.45,133
ULTRA SOLO,"Polima WestCoast, Pailita",0.85,0.8014929172632713,0.26,107
Vegas (From the Original Motion Picture Soundtrack ELVIS),Doja Cat,0.6,0.8094604204676504,0.74,119
La Llevo Al Cielo (Ft. ï¿½ï¿½engo F,"Nengo Flow, Anuel Aa, Chris Jedi, Chencho Corleone",0.85,0.800435094373395,0.77,151
POP!,Nayeon,0.86,0.806575934387685,0.36,99
Last Last,Burna Boy,0.56,0.8055363461546408,0.55,148
Bamba (feat. Aitch & BIA),"Luciano, Aitch, Bï¿½",0.81,0.8074857397039303,0.82,120
Vigilante Shit,Taylor Swift,0.28,0.8074499876059975,0.16,132
A Veces (feat. Feid),"Feid, Paulo Londra",0.67,0.8019384318892547,0.81,121
La Bebe - Remix,"Peso Pluma, Yng Lvcas",0.48,0.8100769394806348,0.56,107
MOJABI GHOST,"Tainy, Bad Bunny",0.71,0.818738718695288,0.74,157
Los del Espacio,"Big One, Duki, Lit Killah, Maria Becerra, FMK, Rusherking, Emilia, Tiago pzk",0.68,0.8156933106751246,0.63,148
New Jeans,NewJeans,0.72,0.818986947992009,0.53,99
Por las Noches,Peso Pluma,0.6,0.8174790461603135,0.39,120
Mi Bello Angel,Natanael Cano,0.77,0.8105696703638615,0.9,150
Ditto,NewJeans,0.64,0.8141253362104593,0.18,74
Malas Decisiones,Kenia OS,0.79,0.818981188858123,0.64,98
Zona De Perigo,Leo Santana,0.77,0.8133806955016045,0.97,73
Calm Down,Rï¿½ï,0.78,0.813316581727943,0.82,79
Rumble,"Skrillex, Flowdan, Fred again..",0.84,0.8148686858232452,0.06,125
Bad Habits,Ed Sheeran,0.9,0.8156679588014497,0.59,86
Todo De Ti,Rauw Alejandro,0.63,0.8137115015766344,0.57,143
The Feels,TWICE,0.9,0.8181005323854562,0.92,86
Still D.R.E.,"Dr. Dre, Snoop Dogg",0.78,0.8193010046797731,0.53,153
Contection,"GODZZ__-, Zakaria",0.75,0.8142530058453721,0.83,157
Sweetest Pie,"Dua Lipa, Megan Thee Stallion",0.63,0.8199795706067177,0.68,138
Envolver,Anitta,0.73,0.8119917319289423,0.4,103
Yo Voy (feat. Daddy Yankee),Zion & Lennox,0.7,0.8157185836026712,0.56,75
X ï¿½ï¿½LTIMA,"Daddy Yankee, Bad Bunny",0.83,0.8103962537509654,0.59,122
N95,Kendrick Lamar,0.66,0.8129088269524926,0.39,135
Ensï¿½ï¿½ï¿½ï¿½ame ,Bad Bunny,0.79,0.8113043800697324,0.77,146
Die Young (feat. 347aidan),"Sleepy hallow, 347aidan",0.58,0.8193495917528935,0.68,112
Antes de Perderte,Duki,0.93,0.8179458217824953,0.61,144
Ojos Marrones,Lasso,0.65,0.8131412900101895,0.72,92
Attention,NewJeans,0.65,0.8135360868044037,0.7,124
"Stay With Me (with Justin Timberlake, Halsey, & Pharrell)","Calvin Harris, Halsey, Pharrell Williams, Justin Timberlake",0.73,0.8142507306789446,0.9,149
XQ Te Pones Asï¿,"Yandel, Feid",0.7,0.8146176859841654,0.48,144
Makeba,Jain,0.66,0.8221071734661681,0.4,85
VAGABUNDO,"Sebastian Yatra, Manuel Turizo, Beï¿½ï",0.85,0.8257068340552774,0.89,77
Queencard,(G)I-DLE,0.83,0.8245195275720689,0.69,73
Every Breath You Take - Remastered 2003,The Police,0.45,0.8211716329908789,0.73,73
Area Codes,"Kaliii, Kaliii",0.39,0.8288794636228579,0.51,125
Niï¿½ï¿½a Bo,"Sean Paul, Feid",0.62,0.8203641361751631,0.47,94
Search & Rescue,Drake,0.44,0.8205501868420277,0.54,136
Shut Down,BLACKPINK,0.69,0.8224526331662537,0.67,136
Mas Rica Que Ayer,"Mambo Kingz, DJ Luian, Anuel Aa",0.67,0.8227501191110594,0.53,96
Lovezinho,Treyce,0.59,0.8201656177369417,0.61,101
Shirt,SZA,0.45,0.8245993154550082,0.55,119
Jhoome Jo Pathaan,"Arijit Singh, Vishal Dadlani, Sukriti Kakar, Vishal-Shekhar, Shekhar Ravjiani, Kumaar",0.74,0.8225781761417627,0.62,130
Woman,Doja Cat,0.76,0.8206269472276858,0.88,120
Malvadï¿½ï¿,"Xamï¿½ï¿½, Gustah, Neo B",0.61,0.8282789276845226,0.52,88
Dance Monkey,Tones and I,0.59,0.8269925140261113,0.54,90
Friday (feat. Mufasa & Hypeman) - Dopamine Re-Edit,"Riton, Nightcrawlers, Mufasa & Hypeman, Dopamine",0.86,0.8251004324844966,0.8,74
Dos Mil 16,Bad Bunny,0.67,0.8223526391365137,0.5,151
Honest (feat. Don Toliver),"Justin Bieber, Don Toliver",0.66,0.8229510129493258,0.82,111
Potion (with Dua Lipa & Young Thug),"Calvin Harris, Dua Lipa, Young Thug",0.7,0.8294016017019501,0.76,130
"Villano Antillano: Bzrp Music Sessions, Vol. 51","Bizarrap, Villano Antillano",0.75,0.8270368030153084,0.42,91
Don't You Worry,"David Guetta, Shakira, Black Eyed Peas",0.88,0.8256397653470431,0.49,90
Sin Seï¿½ï,"Ovy On The Drums, Quevedo",0.85,0.8262131370607765,0.75,139
En La De Ella,"Feid, Sech, Jhayco",0.77,0.8216032971160675,0.67,70
All My Life (feat. J. Cole),"J. Cole, Lil Durk",0.44,0.8318168368196908,0.69,74
Shape of You,Ed Sheeran,0.65,0.8342065944996332,0.93,81
Danger (Spider) (Offset & JID),"Offset, JID",0.69,0.8376283506020166,0.25,159
LOKERA,"Brray, Rauw Alejandro, Lyanno",0.83,0.8377523555204514,0.58,115
Party,"Bad Bunny, Rauw Alejandro",0.8,0.8393931727888948,0.47,103
MONEY,Lisa,0.55,0.8353438857006406,0.4,118
Super Gremlin,Kodak Black,0.41,0.8309019290594398,0.11,147
You Right,"Doja Cat, The Weeknd",0.62,0.832423800760384,0.44,159
ELEVEN,IVE,0.73,0.8312192792239518,0.59,114
Pantysito,"Feid, Alejo, Robi",0.74,0.8360512063476946,0.63,96
Dua Lipa,Jack Harlow,0.65,0.8304059970890953,0.41,142
Stefania (Kalush Orchestra),KALUSH,0.82,0.832282133117337,0.32,95
Cinema,Harry Styles,0.64,0.8326128298315157,0.9,116
Nos Comemos (feat. Ozuna),"Ozuna, Tiago pzk",0.82,0.8385215792849386,0.56,155
La Bachata,Manuel Turizo,0.68,0.8427875885961476,0.85,125
Rara Vez,"Taiu, Milo j",0.71,0.8467222635261806,0.96,132
Novo Balanï¿½,"Veigh, Bvga Beatz, Supernova Ent, Prod Malax",0.5,0.841573221682635,0.65,117
Es un Secreto,Plan B,0.77,0.8431135213555686,0.52,130
FLOWER,JISOO,0.39,0.8429808411859523,0.64,150
Cartï¿½ï¿½o B,"MC Caverinha, KayBlack",0.47,0.8412899201901018,0.55,95
MERCHO,"Migrantes, LiL CaKe, Nico Valdi",0.79,0.8407685106111957,0.96,105
Made You Look,Meghan Trainor,0.53,0.8448592191507164,0.88,70
Private Landing (feat. Justin Bieber & Future),"Don Toliver, Future, Justin Bieber",0.67,0.8495896335177728,0.44,77
About Damn Time,Lizzo,0.74,0.8403221952643294,0.72,121
Ferrari,"James Hype, Miggy Dela Rosa",0.69,0.8409124586500357,0.7,148
MAMIII,"Karol G, Becky G",0.7,0.8479151547006332,0.9,116
Excuses,"Intense, AP Dhillon, Gurinder Gill",0.72,0.8424499104002429,0.49,125
Do We Have A Problem?,"Nicki Minaj, Lil Baby",0.51,0.8446438414890567,0.54,155
Un Coco,Bad Bunny,0.69,0.8467783851280746,0.74,159
Beautiful Girl,Luciano,0.42,0.846621150063847,0.61,97
BABY OTAKU,"Fran C, Polima WestCoast, Nickoog Clk, Pablito Pesadilla",0.75,0.8407365866192607,0.43,156
On BS,"Drake, 21 Savage",0.36,0.8443597804330465,0.33,147
fukumean,Gunna,0.62,0.8567969261936027,0.22,157
"Peso Pluma: Bzrp Music Sessions, Vol. 55","Bizarrap, Peso Pluma",0.67,0.8556680753738233,0.81,71
Popular (with Playboi Carti & Madonna) - The Idol Vol. 1 (Music from the HBO Original Series),"The Weeknd, Madonna, Playboi Carti",0.68,0.8530051445541076,0.83,95
Chanel,"Becky G, Peso Pluma",0.68,0.8538238349137263,0.53,83
Do It To It,"Cherish, ACRAZE",0.81,0.8515536497010808,0.64,128
Knife Talk (with 21 Savage ft. Project Pat),"Drake, Project Pat, 21 Savage",0.37,0.8580970917546321,0.22,125
Miï¿½ï¿½n,"Tini, Maria Becerra",0.54,0.850860990355459,0.92,76
Rich Spirit,Kendrick Lamar,0.43,0.8549283135475708,0.41,72
Agosto,Bad Bunny,0.58,0.8526869868056837,0.72,92
Belly Dancer,"BYOR, Imanbek",0.8,0.855511554076007,0.42,87
La Loto,"Anitta, Tini, Becky G",0.83,0.8521376112037683,0.8,107
BackOutsideBoyz,Drake,0.43,0.8523526314716299,0.4,84
Classy 101,"Feid, Young Miko",0.66,0.8615757956032328,0.67,133
S91,Karol G,0.72,0.8602400140912408,0.42,158
Tï¿½ï¿,"dennis, MC Kevin o Chris",0.96,0.863964704559741,0.59,97
Gasolina,Daddy Yankee,0.8,0.8695207849651565,0.74,143
PERO Tï¿,"Karol G, Quevedo",0.79,0.8647497030774791,0.68,108
Sad Girlz Luv Money Remix (feat. Kali Uchis),"Kali Uchis, Amaarae, Moliy",0.53,0.8675114072778238,0.31,126
DANCE CRIP,Trueno,0.79,0.8618111252706668,0.86,86
A Tu Merced,Bad Bunny,0.79,0.8679695018486077,0.89,155
Somebody That I Used To Know,"Gotye, Kimbra",0.52,0.8638647339344492,0.75,159
Me Arrepentï¿,"Ak4:20, Cris Mj, Pailita",0.79,0.8661699266152955,0.91,113
There's Nothing Holdin' Me Back,Shawn Mendes,0.8,0.8648324706604682,0.97,94
Ain't Shit,Doja Cat,0.49,0.8664028496684031,0.62,86
Aguacero,Bad Bunny,0.65,0.8641093287929263,0.67,82
FEARLESS,LE SSERAFIM,0.62,0.8639150063147807,0.43,153
Feliz Cumpleaï¿½ï¿½os Fe,Feid,0.55,0.8738496786726286,0.57,94
PROVENZA,Karol G,0.52,0.8782346079982593,0.53,137
Monotonï¿½,"Ozuna, Shakira",0.7,0.872906811978655,0.82,79
PUNTO 40,"Baby Rasta, Rauw Alejandro",0.83,0.8767020039328964,0.2,136
Evoque Prata,"DJ Escobar, MC MENOR SG, MC MENOR HR",0.52,0.8757817115566648,0.52,87
Desesperados,"Chencho Corleone, Rauw Alejandro",0.69,0.8721594274178078,0.51,155
Una Noche en Medellï¿½,Cris Mj,0.53,0.8714383273018095,0.82,103
Fim de Semana no Rio,teto,0.5,0.8717234741063428,0.28,77
Yo No Soy Celoso,Bad Bunny,0.59,0.8741160679625921,0.93,109
ZOOM,Jessi,0.6,0.8719278281789183,0.46,152
Left and Right (Feat. Jung Kook of BTS),"Charlie Puth, BTS, Jung Kook",0.59,0.8858198861302468,0.72,111
Neverita,Bad Bunny,0.5,0.8855864580940397,0.43,110
ANTIFRAGILE,LE SSERAFIM,0.8,0.8821732086785212,0.82,75
PUFFIN ON ZOOTIEZ,Future,0.66,0.8842422538345693,0.28,121
Cash In Cash Out,"Pharrell Williams, Tyler, The Creator, 21 Savage",0.56,0.8896464478799058,0.15,95
Sticky,Drake,0.49,0.8882286669254161,0.08,133
Hot Shit (feat. Ye & Lil Durk),"Kanye West, Lil Durk, Cardi B",0.69,0.8874430402881975,0.52,128
S-Class,Stray Kids,0.78,0.8958871682830432,0.67,125
Gato de Noche,"Nengo Flow, Bad Bunny",0.66,0.8974168315563997,0.61,128
Tubarï¿½ï¿½o Te,"Dj LK da Escï¿½ï¿½cia, Tchakabum, mc jhenny, M",0.74,0.8922187781611628,0.48,139
Quï¿½ï¿½ Mï¿½ï¿,"J Balvin, Maria Becerra",0.82,0.8917706320647809,0.77,102
Bussin,"Nicki Minaj, Lil Baby",0.7,0.8905890065933568,0.75,122
Malvada,Zï¿½ï¿½ Fe,0.86,0.8900935298604304,0.89,91
Sigue,"Ed Sheeran, J Balvin",0.64,0.8900080628719089,0.59,90
Hey Mor,"Ozuna, Feid",0.59,0.9017095418672528,0.4,139
Princess Diana (with Nicki Minaj),"Nicki Minaj, Ice Spice",0.68,0.9023120626723017,0.74,139
If We Ever Broke Up,Mae Stephens,0.73,0.9087731529839687,0.96,73
Heart To Heart,Mac DeMarco,0.14,0.9008455090193931,0.64,144
Gatita,Bellakath,0.81,0.9093845129120899,0.76,131
25k jacket (feat. Lil Baby),"Gunna, Lil Baby",0.54,0.9044406358377732,0.74,131
In Da Club,50 Cent,0.71,0.9091835904741498,0.79,93
THE SHADE,Rex Orange County,0.51,0.9022939103891682,0.73,124
BILLIE EILISH.,Armani White,0.5,0.9029735416671378,0.75,78
Me Porto Bonito,"Chencho Corleone, Bad Bunny",0.71,0.9163826397976684,0.43,72
Cupido,Tini,0.58,0.9151075269749291,0.63,100
Doja,Central Cee,0.57,0.9100333409922503,0.97,109
Get Into It (Yuh),Doja Cat,0.66,0.9132337654847241,0.79,105
Lost,Frank Ocean,0.61,0.9178776873533829,0.49,93
HUMBLE.,Kendrick Lamar,0.6,0.9195434784529058,0.42,75
First Class,Jack Harlow,0.56,0.9128808937355056,0.32,135
"Nobody Like U - From ""Turning Red""","Jordan Fisher, Josh Levi, Finneas O'Connell, 4*TOWN (From Disney and Pixarï¿½ï¿½ï¿½s Turning Red), Topher Ngo, Grayson Vill",0.72,0.9137208238129197,0.73,153
That That (prod. & feat. SUGA of BTS),"PSY, Suga",0.96,0.9114270891521628,0.91,144
Numb,"Marshmello, Khalid",0.77,0.9171564428218069,0.63,73
ULTRA SOLO REMIX,"De La Ghetto, Feid, Polima WestCoast, Paloma Mami, Pailita",0.82,0.9108919006552189,0.59,148
Major Distribution,"Drake, 21 Savage",0.55,0.9141143713579655,0.23,75
Sprinter,"Dave, Central Cee",0.58,0.9212062639317719,0.66,120
AMARGURA,Karol G,0.7,0.9279517765063864,0.55,131
Without Me,Eminem,0.66,0.9279620437916185,0.67,126
"Link Up (Metro Boomin & Don Toliver, Wizkid feat. BEAM & Toian) - Spider-Verse Remix (Spider-Man: Across the Spider-Verse )","WizKid, Toian, Metro Boomin, Don Toliver, Beam",0.51,0.926034323401259,0.59,135
DESPECHï¿,ROSALï¿½,0.62,0.9237142090000147,0.78,148
"Hey, Mickey!",Baby Tate,0.51,0.9219054514800598,0.73,144
The Next Episode,"Dr. Dre, Snoop Dogg",0.89,0.9287004389831915,0.31,77
Gospel (with Eminem),"Eminem, Dr. Dre",0.86,0.928605892445233,0.62,95
Silent Hill,"Kendrick Lamar, Kodak Black",0.57,0.9287607815207672,0.78,120
Typa Girl,BLACKPINK,0.62,0.9294344351884419,0.53,114
"Gol Bolinha, Gol Quadrado 2","Mc Pedrinho, DJ 900",0.65,0.9379693752489509,0.68,113
Shorty Party,"Cartel De Santa, La Kelly",0.47,0.9368761281177439,0.47,74
Forgot About Dre,"Eminem, Dr. Dre",0.74,0.9355682766821163,0.61,139
sentaDONA (Remix) s2,"Luï¿½ï¿½sa Sonza, MC Frog, Dj Gabriel do Borel, Davi K",0.45,0.937987332881723,0.77,95
Privileged Rappers,"Drake, 21 Savage",0.61,0.9371673415445764,0.62,137
Slut Me Out,NLE Choppa,0.61,0.9486600031141925,0.71,88
Players,Coi Leray,0.52,0.9532272160690645,0.62,153
The Real Slim Shady,Eminem,0.66,0.9568256701202573,0.78,89
CAIRO,"Karol G, Ovy On The Drums",0.69,0.9622728914551186,0.43,81
Super Freaky Girl,Nicki Minaj,0.89,0.9560407158446061,0.91,116
Starlight,Dave,0.37,0.9574127727104521,0.36,70
Ai Preto,"L7nnon, DJ Biel do Furduncinho, Bianca",0.57,0.9638615458817839,0.83,159
Peru,"Ed Sheeran, Fireboy DML",0.42,0.9671895475352776,0.71,83
